Course Code;Course Name;Instructor Name;Credits;
IDG1292;Web Coding;Carlos Vicient Monllao;7
IDG1011;Front-End Web development;Oivind Kolloen;10
EXPH0100;Examen philosophicum for Humanities and Aesthetics Disciplines;Ingmar Meland;5
IDG1100;Basic Web Development;Kjell Are Refsvik;7
IDG1362;Design Thinking;Kjell Are Refsvik;10